1,admin,123457,1209@gmail.com,1516121,123456,10653,0
2,Bottas,c50djb0u2623,123123@gmail.com,19836842996,123456789,913,0
3,Artemis,mpl4gi3lul6t,121212@gmail.com,13360759040,,865,0
4,Max,utr63uck33o5,159159@gmail.com,17101675554,,419,0
5,Vettle,di95wwnnsd0w,789789@gmail.com,13018958219,,2319,0
6,Lewis,rf6nlgvxbx5p,123456@gmail.com,13325013077,,2601,0
7,Sakura,e4p4n6phhba4,123458@gmail.com,17522855900,,0,0
8,Luke,jwyo3ilkjnj9,991465@gmail.com,18388111975,,239,0
9,Danielle,0dfbo5a0a6ib,368584@gmail.com,15999867536,,2230,0
10,Jennifer,dv1a30l0gu6i,653565@gmail.com,19857647404,,9,0
11,Peaceful,5smk3lue77nk,583786@gmail.com,13039497781,,2337,0
12,Loralie,dy87oo7bv0f2,790281@gmail.com,15738023353,,2510,0
13,Kelsey,ovkni41ssb8s,313812@gmail.com,18265945171,,1587,0
14,Gloria,uivejc9s6obt,411117@gmail.com,17623337370,,1848,0
15,Blackbird,oxd20ainsa06,288351@gmail.com,13931446744,,795,0
16,Orson,lblj6db6v8fg,469326@gmail.com,13946338724,,2751,0
17,Plains,9c1ab7bomih5,534616@gmail.com,13141033581,,1263,0
18,Darcy,mwyum608a09n,265794@gmail.com,17513911829,,1894,0
19,Thelma,nv0fs1kld25b,240625@gmail.com,15565534470,,2147,0
20,Erskine,bykv97rm59um,391401@gmail.com,13280293409,,2385,0
21,Lulu,03co5xggl2f3,352910@gmail.com,15558031165,,2438,0
22,Raymond,8s996vw4x5ha,516698@gmail.com,14720995620,,2358,0
23,Myrtle,rddnimkvva79,841970@gmail.com,13000217782,,99,0
24,Compassionate,r3gif6p6gw9b,623316@gmail.com,13205723989,,2757,0
25,King,b506ofbr8tyh,529876@gmail.com,17677688861,,941,0
26,Livia,wagdgrs9apot,267504@gmail.com,13655582191,,2978,0
27,Hayley,xas725t7y5oh,589885@gmail.com,13995708235,,411,0
28,Freda,v7pat5nr7afs,194555@gmail.com,17798144265,,950,0
29,Merle,kvsdmt1m5r6u,835856@gmail.com,15259949734,,361,0
30,Timothy,p5plyk0y8wjp,196800@gmail.com,18180534509,,1231,0
31,Glynnis,0l17e87swy7m,397801@gmail.com,17850326652,,365,0
32,Ulrica,li35k9bu39fp,188636@gmail.com,13326828016,,2498,0
33,Emmett,y88kvcltbfrc,264546@gmail.com,13118942892,,2943,0
34,Warlike,h7f8bjau4730,202428@gmail.com,13416834711,,2017,0
35,Dark,swpwtgorxstr,275228@gmail.com,18572512157,,2425,0
36,Lucille,rgnwuod5rtv6,373746@gmail.com,13134555242,,163,0
37,Hugo,2a8chjgg282r,837236@gmail.com,14577769883,,926,0
38,Hannah,8vcg03k37ngc,192432@gmail.com,18066574125,,2089,0
39,Virtuous,iejp9byslmma,110298@gmail.com,17717924406,,1457,0
40,Shelley,ons22opgl6d1,645512@gmail.com,18045703725,,2369,0
41,Orva,okgf66mfsgn1,829128@gmail.com,14745488785,,1947,0
42,Theodore,4mj38rs154pi,438756@gmail.com,18283775066,,682,0
43,Fergal,edi01hhan5yx,298457@gmail.com,15728228393,,2097,0
44,Esmond,4sf5vxp5mrre,923848@gmail.com,18720267876,,2015,0
45,Magda,u49oht2am3dk,528273@gmail.com,15586027305,,848,0
46,Percival,x3fxiy8s3u7p,368724@gmail.com,13599878847,,234,0
47,Bernadette,bt8suulnttxy,701557@gmail.com,13369448567,,1657,0
48,Millicent,c08ex8vtt094,698656@gmail.com,18030386443,,2227,0
49,Kenway,y9l2gmteur6y,135901@gmail.com,15740055053,,146,0
50,Lame,setl6ss8l32b,603176@gmail.com,15993783773,,2095,0
51,Glorious,wdolodaki0yo,474547@gmail.com,17888285771,,2181,0
52,Kayleigh,8p6cdnv9x9mn,818202@gmail.com,18442637001,,2239,0
53,Norine,hjchndj416jh,215288@gmail.com,15367451807,,2490,0
54,Grant,uind427mwlxi,789174@gmail.com,18699581790,,209,0
55,Gardner,j17eipdxprvn,976636@gmail.com,15688284348,,1678,0
56,Uriah,7evab8fl9r8l,433623@gmail.com,15385238870,,584,0
57,Harley,4yv7ycck16c5,546150@gmail.com,15139505431,,1869,0
58,Giles,6lif4ixe0nrs,537920@gmail.com,18427371745,,1804,0
59,Nicolette,43floymkmtxc,433865@gmail.com,13012039839,,416,0
60,Unwin,1e8epvnasg3f,637656@gmail.com,17891761721,,521,0
61,Stewart,d34omgw3dao7,524960@gmail.com,18580318300,,573,0
62,Steadfast,5gs5ajxs5hp5,676312@gmail.com,18114656189,,1880,0
63,Valda,t3csndtsd4gc,739911@gmail.com,13943435264,,1433,0
64,Youthful,jkl81e97jral,489995@gmail.com,15760945193,,1855,0
65,Kerri,sl4sh0d1r7bm,428948@gmail.com,16537379810,,633,0
66,Larissa,fb8ypw3aoj6b,759878@gmail.com,17570232930,,1811,0
67,Mirabelle,x0tmbnbuftgj,482408@gmail.com,13856953276,,2731,0
68,Estelle,62g7589b7c5x,948818@gmail.com,18902539665,,1504,0
69,Halden,7vgss4eapiij,141101@gmail.com,15721482814,,1441,0
70,Eliot,jcs6ca2v16xm,168527@gmail.com,18794475397,,2784,0
71,Graceful,1e98886tet01,496806@gmail.com,13888325613,,366,0
72,Nathania,w085eus3fl2u,912912@gmail.com,18469899655,,1090,0
73,Keegan,7n5gjv21hhu8,532243@gmail.com,18678119747,,2697,0
74,Nourishing,krsps3brgrev,847144@gmail.com,15268901381,,2883,0
75,Galvin,ij66u8lcgx0o,256599@gmail.com,18267928253,,1485,0
76,Trina,jko2siois6pb,279406@gmail.com,13936063896,,61,0
77,Zea,tp3l7h5a380b,791918@gmail.com,18735436499,,2699,0
78,Vera,nk68pov0bw5p,959842@gmail.com,13820003311,,2146,0
79,Damon,jimkebacvkf9,600110@gmail.com,17842918768,,1845,0
80,Edward,u2hf0xwrtd2h,724169@gmail.com,13568714327,,2395,0
81,Thea,pj0j8ef4wae7,841208@gmail.com,14797713773,,410,0
82,Erik,y8ybbcgioelh,797050@gmail.com,15586098337,,2397,0
83,Lorraine,1n8mbpuf6lk9,536194@gmail.com,13808599389,,1990,0
84,Annette,wfpe510410ty,555664@gmail.com,13311854073,,2772,0
85,Bertina,din2ndumgry1,609061@gmail.com,18676503904,,881,0
86,Soldier,20lbfgehd606,360654@gmail.com,13024351910,,68,0
87,Regal,01xsjxv7w35r,352268@gmail.com,17746348258,,690,0
88,George,ukwbhvbig8ys,602319@gmail.com,18875737475,,2762,0
89,Bertha,pnnbywn5bngw,709802@gmail.com,15650771543,,2782,0
90,Patriotic,t9mik7ispwg9,360605@gmail.com,17306674079,,2127,0
91,Desmond,6n71inbp1k90,790090@gmail.com,16526216563,,2461,0
92,Roswell,vgon6lschlbh,453830@gmail.com,13610604658,,913,0
93,Kane,lmeo8jt94a2e,748730@gmail.com,15655762834,,865,0
94,Marilyn,kly3fdlsm4fc,433637@gmail.com,16694188088,,419,0
95,Matilda,hgg2mo0v4fym,745104@gmail.com,17236123023,,2319,0
96,Teresa,saxho4g0se6b,237597@gmail.com,18665506987,,2601,0
97,Powerful,66716fudvdge,597756@gmail.com,18049354081,,1459,0
98,Lee,1bia192bo7cd,101692@gmail.com,15027102601,,1800,0
99,Belinda,t7ittufrkl4c,118610@gmail.com,15545801625,,642,0
100,Blythe,lh2uuf2icivw,480388@gmail.com,15884394354,,1244,0
101,Oswald,mlfi9vh7rd0c,653597@gmail.com,15703167134,,1954,0
102,April,wiswk1kc5cux,839844@gmail.com,17256015981,,579,0
103,Garth,vru3i42lasyb,898628@gmail.com,19828611150,,590,0
104,Kingly,6yv4a1wo54ab,861135@gmail.com,18691298604,,2130,0
105,Laverna,6ds647df6ljk,224716@gmail.com,15521053574,,1753,0
106,Astrid,nxbeiivcbrpo,182698@gmail.com,18745101740,,1974,0
107,Sparkling,cve91i972bbw,194305@gmail.com,17664141115,,591,0
108,Evelyn,h1pe6dkigokp,273949@gmail.com,16507493617,,2140,0
109,Marvin,v1aju7slcx4i,378107@gmail.com,17303627962,,2459,0
110,Serena,3av5w4aet7rf,712571@gmail.com,15857496329,,2564,0
111,Cheerful,t4byr1cegk76,937722@gmail.com,14582939750,,2380,0
112,Audrey,dj0j6fx9y5n8,592621@gmail.com,18590312448,,2809,0
113,Edwina,ht6xiptdolyh,104638@gmail.com,17584046456,,1731,0
114,Julia,tume82yvmg5x,415433@gmail.com,18854576570,,1716,0
115,Lorena,cxd01vmvjol5,176700@gmail.com,18231147784,,1790,0
116,Jade,be0ept7yftub,749174@gmail.com,18212073025,,1466,0
117,Vivianne,e0lwitwxo1yt,800380@gmail.com,18324625095,,946,0
118,Emily,xjvwa7vrd61e,947347@gmail.com,13555279750,,2790,0
119,Quinby,ilyjihwapfn9,457028@gmail.com,18048269006,,1839,0
120,Flora,d2chjs4xpvg8,574591@gmail.com,17211648772,,797,0
121,Spencer,573clywjntdj,658839@gmail.com,13708332395,,646,0
122,Josephine,i9xaopi1t0ar,488038@gmail.com,18231202895,,1822,0
123,Beatrice,tc8r823a71c5,882995@gmail.com,13241218383,,2462,0
124,Alice,fyessccgextf,799139@gmail.com,17341993880,,2434,0
125,Godfrey,vdrw5n81htd5,217891@gmail.com,17866429683,,1908,0
126,Felicia,t9wsy5hrr4y8,975621@gmail.com,18026262526,,393,0
127,Eric,dehlprd3ipv3,120301@gmail.com,18671556477,,422,0
128,Maureen,ca4evtkoxvbp,625658@gmail.com,13855816327,,402,0
129,Dale,bwnep4ofxbl5,485385@gmail.com,15898087396,,455,0
130,Guy,vwbxumkh2r8n,881210@gmail.com,17510627284,,1024,0
131,Jeremiah,7auk3xyms3is,621163@gmail.com,15810897057,,765,0
132,Zoe,ek0p2j01i2kv,221337@gmail.com,17271076870,,1109,0
133,Bonnie,oiyfbt5a7dcf,107802@gmail.com,13617858484,,2578,0
134,Half-Dane,kebgioa86103,338474@gmail.com,17849513460,,369,0
135,Small,3vo8inmvnaay,335183@gmail.com,19851916401,,2902,0
136,Rebellious,dp7oyol1omtv,850894@gmail.com,15746128947,,408,0
137,Brenda,71sloj3ith59,857153@gmail.com,17120206015,,2543,0
138,Jerome,eb8ufr97e1fa,820119@gmail.com,16500824014,,1821,0
139,Lisa,cngw8rr9icft,558998@gmail.com,15159336447,,1733,0
140,Roderick,ikou4o5mhcse,714030@gmail.com,18668895023,,1851,0
141,Archer,vth25fedhays,271023@gmail.com,18930382569,,1667,0
142,Olaf,vghti07ec61i,707137@gmail.com,18102111460,,2761,0
143,Beatrix,95i4y3u5e3oi,909781@gmail.com,13795036841,,1742,0
144,Dean,osd3f9dulsy1,686799@gmail.com,13243276424,,1923,0
145,Phoebe,drfam7k5fv0g,931149@gmail.com,18297452415,,2744,0
146,Stranger,w98yprml71jo,905353@gmail.com,17208693900,,1725,0
147,Edgar,jur66tlerewl,946436@gmail.com,18668331592,,1901,0
148,Rupert,fv1waii314a1,808243@gmail.com,13321801040,,823,0
149,Adrienne,etskdhn1uue8,846514@gmail.com,13244171727,,542,0
150,Joshua,afdhpv3apile,547427@gmail.com,13735791325,,1240,0
151,Sigmund,omixv6yyimvj,614471@gmail.com,16696731415,,2096,0
152,Wealthy,6jiuc11jc9bg,121528@gmail.com,17120741226,,22,0
153,Matthew,d7e5lcnjmebu,454581@gmail.com,17170903791,,303,0
154,Katherine,ubipbu7gj7r0,245134@gmail.com,13656496169,,901,0
155,Karen,4fln4iwyi974,859224@gmail.com,15708814922,,2458,0
156,Healthy,esyf7752rhve,721495@gmail.com,16563653899,,2572,0
157,Godly,g2juw3kt9poc,688266@gmail.com,18744351181,,467,0
158,Dark,c4uudxak262d,168257@gmail.com,15884323043,,841,0
159,Prudence,f6vno729y45o,728895@gmail.com,16530149380,,482,0
160,Gazelle,ljlhhvrlxiji,841895@gmail.com,13585133998,,1210,0
161,Fair-Haired,s2ekvgbbug5u,449043@gmail.com,18489065668,,1384,0
162,Pleasure,herbx9o82ubt,450334@gmail.com,18238528026,,2059,0
163,Thalia,yu9ahmsl90iy,184695@gmail.com,18104567349,,2066,0
164,Willard,ywfc0dlh5jp3,790908@gmail.com,18533635797,,1075,0
165,Supplanter,jwbeob5xn6rn,859355@gmail.com,15254668338,,2405,0
166,Wanderer,kcavge8bf1ge,941533@gmail.com,18301265712,,1865,0
167,Tabitha,d6dkd88dewb7,607967@gmail.com,16693916770,,1852,0
168,Idelle,ulore4goxtks,455135@gmail.com,13165509310,,1713,0
169,Hetty,nvas3ib7v9u8,812033@gmail.com,15852769983,,80,0
170,Orlena,af6hfm4nd85j,494282@gmail.com,18551478108,,2673,0
171,Zachariah,kvsjkm1lm9j2,151131@gmail.com,18174762699,,537,0
172,Garrick,2wv1f9nc6xat,954932@gmail.com,17690182836,,1897,0
173,Luther,cg83bo1hgl16,997661@gmail.com,18796768864,,149,0
174,Solitary,pd4crohgslw0,534834@gmail.com,13840482293,,556,0
175,Kirsten,lbmmyv68h404,252633@gmail.com,17717578140,,106,0
176,Vania,jswbo1ir659c,825408@gmail.com,15171707765,,54,0
177,Conqueror,tpfvwaniip1e,725691@gmail.com,15724139770,,2916,0
178,Royce,rxl05a26evb2,122556@gmail.com,18329897393,,2386,0
179,Aimee,iw0cosi32lnm,342106@gmail.com,14908447282,,531,0
180,Blanche,ugk35gp0k26w,394018@gmail.com,18931798415,22-70-157-72,1402,0
181,Kara,kc90cxtpb80f,816714@gmail.com,18705923451,88-242-199-208,921,0
182,Lolita,nygw09wdnvip,155500@gmail.com,17773144307,52-206-94-47,2956,0
183,Tammy,4iw4ra4ip27i,992111@gmail.com,13541127787,168-68-103-208,2689,0
184,Forrest,fr2kjbhynhi8,167230@gmail.com,15528404685,250-16-46-19,1559,0
185,Flourishing,n5l3sfii0v4l,739495@gmail.com,13069937243,91-32-205-132,807,0
186,Sadie,o29lksi9yeb2,241847@gmail.com,18793479626,165-212-0-168,1893,0
187,Ancestress,budugtsuy5kg,762040@gmail.com,17388708370,135-13-59-108,85,0
188,Joan,vfohjnhu59e9,968705@gmail.com,13386836151,45-2-213-68,589,0
189,Juliana,hwkei81u3n26,315537@gmail.com,17658982784,59-81-11-51,1879,0
190,Hubert,mxgcthuvuu50,182089@gmail.com,18950658640,82-51-71-21,2491,0
191,Pearl,iyxdnyft6ak5,157823@gmail.com,15274116038,76-66-202-91,920,0
192,Gardener,vo25u6t38hab,363302@gmail.com,17668355545,98-147-82-11,1914,0
193,Finbar,2cbac39asb58,870540@gmail.com,15204166476,127-129-44-237,974,0
194,Silvery,4h0vgie5xo91,536463@gmail.com,17854623386,163-170-107-203,1092,0
195,Cunning,rwwrifw8nana,790036@gmail.com,17633376368,240-215-13-121,1723,0
196,Zelene,bwhbus7yt5la,263879@gmail.com,17543161443,139-109-202-141,1327,0
197,Laura,g4fy9etpubd1,730409@gmail.com,16574475755,21-118-7-52,2266,0
198,Lola,44jex8dwtr5y,744647@gmail.com,16533544330,219-234-180-91,2068,0
199,Elena,h5v2kmug2eib,834822@gmail.com,13196124536,135-237-68-143,2546,0
200,Melanie,ufhbhc9b4xyn,533795@gmail.com,14984025590,34-228-94-174,635,0
201,Lincoln,g9lc9otj291s,751226@gmail.com,17151645642,78-17-172-54,1968,0
202,Rhea,r4cmkjildt7e,856677@gmail.com,,111-1-205-189,2789,0
203,Theobold,42wogw66vhx2,576164@gmail.com,,248-249-189-155,1740,0
204,Reginald,jbijjx4tc41y,587465@gmail.com,,97-16-153-113,2307,0
205,Luna,v0lbywg8pev7,955527@gmail.com,,149-87-252-12,2448,0
206,Jessie,mf5d2hfus5hg,511264@gmail.com,,164-182-87-65,987,0
207,Keaton,5jaf5a2sgslv,201915@gmail.com,,198-198-215-212,781,0
208,Beautiful,kwr3f76uscwc,883001@gmail.com,,241-105-114-214,2733,0
209,Jeremy,tswdou74ttc1,666316@gmail.com,,179-216-190-47,2064,0
210,Vanessa,dtwufk5t88hx,296391@gmail.com,,96-148-24-172,803,0
211,Hamlin,b5g7o93cbe6h,796552@gmail.com,,202-87-117-100,2031,0
212,Todd,vrebcup829hf,102770@gmail.com,,86-40-13-209,1405,0
213,Lane,evcce925yy8m,871323@gmail.com,,189-36-230-136,2005,0
214,Winthrop,1v6birrpjtom,232749@gmail.com,,246-218-252-216,2893,0
215,Maurice,h7e1k38t2kgn,394434@gmail.com,,26-202-59-67,790,0
216,Mildred,n5jpkjfcoit4,256640@gmail.com,,12-14-68-74,276,0
217,Flame,unoaax9pvtgs,253783@gmail.com,,71-175-127-79,349,0
218,Angelic,ln2w75tm9ldt,768742@gmail.com,,97-110-97-135,644,0
219,Agatha,60jmwx0mt828,324804@gmail.com,,202-136-70-128,2523,0
220,Dominica,lvvffj6cng4o,665132@gmail.com,,192-42-187-149,1101,0
221,Erika,y5etep0rntym,124374@gmail.com,,121-109-160-203,2662,0
222,Leah,xuu8ad5v2kls,635818@gmail.com,,43-14-102-46,1398,0
223,Just,cee3b42chu73,290844@gmail.com,,77-92-72-62,2341,0
224,Mavis,8b6ewkagn4xv,977585@gmail.com,,17-238-244-161,1694,0
225,Rose,unbscp16ngpk,229161@gmail.com,,124-81-17-134,945,0
226,Naomi,vxvrm8y8v9da,301389@gmail.com,,36-120-25-127,1429,0
227,Stephen,0a970l9f0gy4,592957@gmail.com,,91-131-225-56,2891,0
228,Imogene,vfesys58ej39,695311@gmail.com,,254-237-70-89,418,0
229,Kenyon,yamfh1b25euu,553027@gmail.com,,1-133-180-137,2516,0
230,Arleen,mxuxt7tb4eu1,907179@gmail.com,,63-239-183-27,2846,0
231,Warrior,c5u6j1l8hj6d,356996@gmail.com,,193-242-28-221,581,0
232,Small,9fbfnmnky8xp,319591@gmail.com,,115-81-90-83,1529,0
233,Strange,3cnb9yxs298k,504538@gmail.com,,64-217-225-59,1018,0
234,Freeman,p3ui94pmm9g8,950749@gmail.com,,172-100-131-133,2071,0
235,Edlyn,rdoywbis3ppa,888172@gmail.com,,230-2-102-51,2558,0
236,Magnus,332otre096e4,700985@gmail.com,,197-97-189-83,978,0
237,Eighth,okcy8em7yb8r,388130@gmail.com,,251-31-43-193,788,0
238,Oliver,2hoak4hgntw9,561759@gmail.com,,62-215-108-136,2806,0
239,Winifred,rxh34ouk2a0y,225757@gmail.com,,210-232-44-172,1828,0
240,Divine,oglps3f7co6v,247972@gmail.com,,8-146-125-91,1228,0
241,Lively,oks81mno3sxw,175444@gmail.com,,166-134-62-250,2250,0
242,Walton,4iu82ldlif68,820539@gmail.com,,6-132-184-59,2879,0
243,Tess,22fa9me7kj22,267969@gmail.com,,87-3-97-27,1106,0
244,Wolf,kj9176dt0hvf,270770@gmail.com,,155-242-202-251,1391,0
245,Rosalie,codok61e8e83,841149@gmail.com,,105-232-62-179,2727,0
246,Sherman,jvsccdnr08bc,718273@gmail.com,,156-158-58-214,923,0
247,Ruler,nog9tgtrh703,562091@gmail.com,,20-197-0-41,786,0
248,Delmar,g3ml9ohd7h0b,416908@gmail.com,,70-236-107-184,1916,0
249,Jack,cdo6brgl59cb,844551@gmail.com,,204-176-226-15,2773,0
250,Peaceful,kk9lcphpwrlt,804624@gmail.com,,153-119-245-113,2577,0
251,Lane,gua928d7i217,181645@gmail.com,,21-37-57-161,501,0
252,Grey,85oeg6ewmudc,853634@gmail.com,,181-108-124-71,1026,0
253,Roxanne,u1r8wrfbt634,774494@gmail.com,,186-92-136-122,983,0
254,Industrious,ab4xebxsblce,719114@gmail.com,,155-203-53-122,1949,0
255,Serene,ncg2l9aslu2d,349598@gmail.com,,103-30-104-167,854,0
256,Bobbie,8mo1bj33je2n,706274@gmail.com,,22-181-141-250,1068,0
257,Dark-Haired,h3gw817ia6ih,619769@gmail.com,,24-34-148-194,1973,0
258,Ken,kcnp5mpmb6e3,874302@gmail.com,,148-135-149-197,775,0
259,Female,b8e934i0i9y2,296622@gmail.com,,164-17-128-79,2568,0
260,Rita,y88camho8bi4,405920@gmail.com,,15-115-217-206,1085,0
261,Stacy,y6mg2sirmhph,183191@gmail.com,,198-186-155-17,2872,0
262,Hale,sdrkpj8faxad,348780@gmail.com,,61-239-78-59,1881,0
263,Gentle,i6n99f1lgvs6,386146@gmail.com,,156-248-20-78,1951,0
264,Fair,4bbd5mub1og6,766309@gmail.com,,184-75-32-222,1125,0
265,Phyllis,bxhyyxmih2gn,702400@gmail.com,,185-85-155-233,925,0
266,Island,s9pn685ernfy,117810@gmail.com,,76-86-140-32,676,0
267,Leonard,2es8gc77a498,536695@gmail.com,,82-69-89-117,2565,0
268,Sirena,k7ab1gw5un5o,545373@gmail.com,,74-140-150-42,1195,0
269,Lizzie,lftbu8yn5u9l,439415@gmail.com,,67-12-213-105,1871,0
270,Justine,okpw212vjmdh,128211@gmail.com,,162-207-224-72,1438,0
271,Ada,4sgu8f7u9jev,243115@gmail.com,,224-162-57-118,867,0
272,Wanda,y8b5w7i8msm3,677343@gmail.com,,2-32-185-145,2617,0
273,Toby,mg6kc4gv640y,384520@gmail.com,,128-175-106-186,2022,0
274,Owen,xujbkladb3j2,361865@gmail.com,,35-205-200-202,1710,0
275,Lombard,wusiv5i1fj38,272055@gmail.com,,208-95-114-229,701,0
276,Honour,5dfypr0p3tjv,695923@gmail.com,,210-66-205-140,1156,0
277,Udele,wj67rmg5ulv0,608829@gmail.com,,40-153-20-236,1022,0
278,Noelle,5658mtnkg88p,946234@gmail.com,,68-102-39-34,1661,0
279,Rolf,3itec8dky1al,183374@gmail.com,,246-18-85-215,665,0
280,Gladys,cp768ug5ywwa,416546@gmail.com,,149-101-144-91,2574,0
281,Willis,nre876gxe7ef,947304@gmail.com,,12-3-26-186,1390,0
282,Everett,wbf088a3kfah,201395@gmail.com,,66-75-159-103,32,0
283,Alexandra,513psyeuwycx,203209@gmail.com,,204-96-91-46,2680,0
284,Sebastian,o235r80tkyaj,664331@gmail.com,,100-228-180-119,811,0
285,Fannie,w85dy8twn5jj,726058@gmail.com,,44-108-206-171,733,0
286,Happy,ae6ie24v3rxm,448588@gmail.com,,91-239-197-252,2754,0
287,Sorrow,gnxg55h75uud,907953@gmail.com,,68-157-169-153,446,0
288,Amber,cki673oe3mhd,773895@gmail.com,,31-42-34-155,1363,0
289,Olin,yto379ud7bjy,619231@gmail.com,,101-161-28-35,2671,0
290,Emma,4okv542328jk,173416@gmail.com,,4-252-196-63,2573,0
291,Pansy,naehbs8fgo1w,822391@gmail.com,,21-245-105-105,1413,0
292,Alina,mr3euma2wbi4,304135@gmail.com,,56-241-194-120,725,0
293,Joanna,9cg7pi5x5kjy,797759@gmail.com,,108-103-212-6,1719,0
294,Eve,o9yt70vf40ku,259336@gmail.com,,9-122-166-123,1050,0
295,Gerard,7sdb81x3nphu,216421@gmail.com,,29-131-23-184,2346,0
296,Questa,21osigywmhjo,123954@gmail.com,,130-180-159-44,815,0
297,Beneficient,i8wjjuh9cs5s,291721@gmail.com,,20-234-120-24,1019,0
298,Elizabeth,xn4rh3gxnegj,607984@gmail.com,,21-13-86-84,1704,0
299,Optimistic,r7gmnm29uryr,172079@gmail.com,,121-192-171-156,2242,0
300,Sherwin,k91nu5wcx449,102074@gmail.com,,166-137-249-66,1477,0
301,Stream,apswmj3ue4is,917282@gmail.com,,210-85-203-17,1873,0
302,Strength,fwp8fa0hkomm,388990@gmail.com,,90-174-98-28,319,0
303,Ryan,n9kcokdrls1n,278447@gmail.com,,106-131-160-100,1371,0
304,Roland,x128c0d3prsm,494080@gmail.com,,131-201-181-242,2132,0
305,Geraldine,08usog31nb0k,406086@gmail.com,,79-102-132-39,1360,0
306,Gideon,2m4ppaccklof,879208@gmail.com,,160-184-117-50,2703,0
307,Edmond,ljf1tp3acf1t,399002@gmail.com,,138-251-153-156,1835,0
308,Fox,nakg2a4gffof,346889@gmail.com,,116-244-243-251,78,0
309,Dalton,stmerlehdl94,542311@gmail.com,,25-129-55-160,1117,0
310,Vivian,sfgvkgxr0msn,988916@gmail.com,,224-107-146-82,155,0
311,Tina,bnxn704066me,658495@gmail.com,,248-77-93-134,1967,0
312,Gilda,tpkbhg8ht3gv,515321@gmail.com,,117-150-126-251,1383,0
313,Sea,ykcusly94m7f,568937@gmail.com,,157-183-83-79,1714,0
314,Red-Haired,nhgtt0lkxydr,271052@gmail.com,,135-184-190-41,1965,0
315,Rodney,t5upyedacdh7,598300@gmail.com,,13-158-29-139,284,0
316,Famous,cchrlol4200i,810837@gmail.com,,111-193-143-214,1420,0
317,Jason,c69ltd0xhc7g,696281@gmail.com,,142-131-69-106,2171,0
318,Tatum,sea0l0ea81b5,987156@gmail.com,,188-121-93-243,2248,0
319,Delight,449k8knep7dl,836559@gmail.com,,130-103-237-30,1859,0
320,Honor,2ujpy3rndixa,714325@gmail.com,,251-185-40-114,2429,0
321,Kerry,gh6sjyxvdgtp,176294@gmail.com,,182-116-24-154,1237,0
322,Edana,cu3x4opm9xft,249710@gmail.com,,79-247-36-16,1498,0
323,Harriet,83vis3v9j0wo,957993@gmail.com,,17-10-62-86,443,0
324,Elroy,om7y0cym9fxg,153551@gmail.com,,154-69-0-73,1245,0
325,Ezra,lc1w12u3moty,121514@gmail.com,,164-73-198-90,2813,0
326,Sheridan,gmnlod94m33s,928294@gmail.com,,210-232-197-56,1113,0
327,Fighter,s3otns9w0gxp,943001@gmail.com,,67-239-131-120,2364,0
328,Shirley,6h55cremci9c,800787@gmail.com,,139-217-186-125,1580,0
329,Warlike,467t3cryo21a,688616@gmail.com,,7-162-39-136,263,0
330,Bianca,i4ex37owgg0w,546184@gmail.com,,38-18-57-111,1223,0
331,Exalted,n75pad88kfob,537893@gmail.com,,85-30-145-48,1399,0
332,Wayne,k9ldnrxbim4l,318496@gmail.com,,183-142-75-232,267,0
333,Briana,wv377c0r3yfl,529968@gmail.com,,252-148-155-53,1199,0
334,Eddie,2399pji5a3d7,457651@gmail.com,,226-177-205-133,1006,0
335,Ivory,8e0si3pfd7t2,144377@gmail.com,,84-12-119-183,625,0
336,Mercy,st3pf9n51s0x,278191@gmail.com,,192-22-68-85,2822,0
337,Ralph,h1rhndlucu6k,600527@gmail.com,,56-184-202-189,474,0
338,Geneva,ks9nda1ho22w,989433@gmail.com,,52-108-158-169,2901,0
339,Hadden,ewf6bafe4hsv,246189@gmail.com,,180-171-92-102,618,0
340,Weary,jlhs6u6k6s4h,660153@gmail.com,,4-125-243-85,2009,0
341,Free,8r8ki05xwtc2,105538@gmail.com,,45-127-169-162,1861,0
342,Ross,bv9ne97s499i,303782@gmail.com,,241-77-161-38,421,0
343,Muriel,5jop1dbs3cvi,891282@gmail.com,,16-90-35-84,2186,0
344,Nola,lsb5o0dxcfsd,111866@gmail.com,,3-179-193-108,764,0
345,Herdsman,wsplt5rv1rie,462023@gmail.com,,208-154-34-180,2608,0
346,Ethanael,g6cjety9uhei,857330@gmail.com,,75-127-190-181,2212,0
347,Penelope,eii9ueanr3yl,309297@gmail.com,,61-59-94-201,1555,0
348,Joyce,0gkvpa9p4pxv,793638@gmail.com,,82-212-145-221,607,0
349,Lloyd,wapgxcvk65ov,800077@gmail.com,,34-136-15-136,1191,0
350,Heath,wyr2wdl597xx,727780@gmail.com,,221-147-178-221,1784,0
351,Des,aj572yc7xlhn,359089@gmail.com,,105-131-115-16,541,0
352,Riley,29cv6c9y7n6u,738845@gmail.com,,50-179-69-167,705,0
353,Washington,jmclope8yafw,901263@gmail.com,,15-29-104-150,2529,0
354,Kingsley,kynw0gixi2bc,108227@gmail.com,,188-229-108-104,1010,0
355,Sharp,5msitwhn1rj5,906666@gmail.com,,142-237-218-193,2303,0
356,Silas,ry5bnwoimv11,192879@gmail.com,,249-72-149-185,2023,0
357,Heathcliff,dskplwacgaja,433916@gmail.com,,187-231-48-204,1693,0
358,Erwin,66wa5p27sera,428874@gmail.com,,20-174-91-238,1799,0
359,Harlan,x3o7ipnfkl2o,117786@gmail.com,,215-38-24-191,2524,0
360,Willow,tk0orjxmbngm,530737@gmail.com,,197-38-202-14,2176,0
361,Edith,8vv28uodvocw,355021@gmail.com,,112-194-35-168,1598,0
362,Immortal,sbnyuec28ysj,645168@gmail.com,,77-33-249-42,323,0
363,Lucy,hgeuo1ywi7jx,217729@gmail.com,,127-131-32-61,564,0
364,Hall,lf4tw3ront6c,255510@gmail.com,,9-245-35-111,2219,0
365,Margot,kv29ptx39r45,982315@gmail.com,,17-245-230-129,932,0
366,Hazel,ih56r6g6vys1,678009@gmail.com,,215-78-171-136,426,0
367,Hardy,g1inbjk0pxas,930765@gmail.com,,206-86-240-64,1738,0
368,Marta,f2t0s7iwp9mx,948092@gmail.com,,182-25-166-154,2363,0
369,Georgiana,ok31ut4c6e3r,980133@gmail.com,,151-136-116-68,919,0
370,Myra,4s9f1dhnusd0,791876@gmail.com,,196-242-238-150,2613,0
371,Nina,x02puvv2usun,182450@gmail.com,,3-230-101-117,475,0
372,Vernon,na6w96i448e4,141869@gmail.com,,1-231-94-139,1776,0
373,Warren,veaa2sdga6xo,992214@gmail.com,,218-124-242-145,343,0
374,Blooming,sj9jmjktt2h0,961724@gmail.com,,156-59-237-140,601,0
375,Beryl,gu5xtmlxg42m,400134@gmail.com,,164-101-133-180,1127,0
376,Marlon,d53fmxl35pxm,129184@gmail.com,,6-224-117-111,2747,0
377,Bound,f5vckv0ukp0w,785524@gmail.com,,8-50-92-222,174,0
378,Kyle,7b8b459ky1wn,237485@gmail.com,,138-167-253-39,2652,0
379,Samson,f6fym4bdrac4,476688@gmail.com,,3-103-167-136,1037,0
380,Gertrude,2f2ssdbpfkms,203071@gmail.com,,170-196-139-78,2972,0
381,Wolf,lvud0l74gw7y,552048@gmail.com,,52-244-42-13,1970,0
382,Joy,tv99c922je6b,679223@gmail.com,,85-114-200-1,2633,0
383,Jed,ill27t3v1beb,176115@gmail.com,,32-87-4-112,2335,0
384,Respected,wdk5b7k58h7o,906469@gmail.com,,248-171-8-157,2162,0
385,Grateful,78ed8jx48rsf,575232@gmail.com,,106-113-24-28,2228,0
386,Durwin,g3sti6ff0jv6,509091@gmail.com,,191-244-18-236,752,0
387,Gifford,2d8nirtauy11,439962@gmail.com,,24-48-0-220,2799,0
388,Quentin,dengevyc3dfa,448950@gmail.com,,73-207-125-161,299,0
389,Georgette,bmw6430vhhu8,156779@gmail.com,,35-131-84-24,232,0
390,Philbert,xmanhm989a9v,696362@gmail.com,,212-48-79-186,2953,0
391,Norseman,b8bdpk1wuhwj,431208@gmail.com,,96-98-226-146,1307,0
392,Shining,g8td8dhpo79h,405423@gmail.com,,81-171-217-133,2274,0
393,Life,oxibc7va2a85,277528@gmail.com,,188-150-57-126,1267,0
394,Stefan,60xywuoxkgpr,437231@gmail.com,,211-20-141-234,744,0
395,Oscar,1215lexb7lvh,548803@gmail.com,,142-221-229-34,735,0
396,Bess,7krcbas61nd2,152818@gmail.com,,78-74-152-243,145,0
397,Vance,962v1366rixj,829522@gmail.com,,248-125-43-79,1455,0
398,Timothea,ediomhlri82x,829616@gmail.com,,147-141-108-213,515,0
399,Kerwin,w4kutdlabutf,784685@gmail.com,,54-241-229-221,2937,0
400,Torrent,pfoxrkup1cgj,410245@gmail.com,,89-192-2-144,2076,0
401,Joey,ppcaf8tpytk4,350773@gmail.com,,2-197-55-125,360,0
402,Kirstyn,3ijpljuhhimo,446242@gmail.com,,72-67-92-236,2692,0
403,Sybil,pe161aio4fjg,476009@gmail.com,,7-60-181-5,2886,0
404,Marie,evgnll9mt5c1,766370@gmail.com,,36-211-139-50,1443,0
405,Quillan,5bff3ffdpvnx,180541@gmail.com,,140-25-226-99,981,0
406,Desired,bhg9mhb15lgy,123964@gmail.com,,63-4-62-96,2370,0
407,Ferris,0ro9x60y975n,850432@gmail.com,,247-191-65-114,2911,0
408,Michelle,5imkt6ujwnfu,979287@gmail.com,,86-14-17-102,2962,0
409,Loyal,mcr6gsph95u4,699133@gmail.com,,189-240-76-246,134,0
410,Elbert,na1b4o6tuw8m,105698@gmail.com,,100-34-37-230,1527,0
411,Wide,rw0b7t5mdg3e,738462@gmail.com,,147-115-26-29,10,0
412,Maude,l8i9jvkuoo76,537525@gmail.com,,49-25-47-230,813,0
413,Agnes,aksjwjcer039,974784@gmail.com,,10-77-33-54,2634,0
414,Duncan,0w9ecuk9w52c,634574@gmail.com,,157-144-247-107,125,0
415,Meris,y8y9c99p0l25,979139@gmail.com,,168-86-211-90,193,0
416,Kit,ayynj6so48d9,767103@gmail.com,,193-194-59-158,988,0
417,Morris,4i7vhahu4xp0,773640@gmail.com,,248-136-103-141,1890,0
418,Sabrina,17g2ox2de9dh,447838@gmail.com,,254-89-78-76,780,0
419,Emmanuel,p064lhsc25jg,504433@gmail.com,,16-241-140-109,1196,0
420,Holy,o35htlufec39,117377@gmail.com,,246-132-9-3,1868,0
421,Lowell,l8ms33hwb65k,369345@gmail.com,,76-202-48-70,2317,0
422,Joe,a9a1ie6ytscm,661381@gmail.com,,114-55-247-63,878,0
423,Ulva,pwajuja714p5,574096@gmail.com,,101-207-213-244,1378,0
424,Karena,yyslsjtddgem,827093@gmail.com,,238-93-233-108,399,0
425,Handsome,x39f0a1h4dmx,145145@gmail.com,,245-101-224-231,1423,0
426,Fire,g7javv8yy8vv,887512@gmail.com,,28-62-212-66,2695,0
427,Nancy,8o1wh72mwwrn,675049@gmail.com,,152-178-88-249,60,0
428,Theodora,abd1ft9b6agt,421343@gmail.com,,193-216-51-154,1900,0
429,Morton,ibtkprfwt5ko,566322@gmail.com,,116-118-8-195,2837,0
430,Gerret,pkdr9vxes95b,524469@gmail.com,,6-182-212-167,2920,0
431,Wenda,w6cuwsl0d14m,361238@gmail.com,,115-85-231-120,2850,0
432,Nathan,4g9wf9gpilaw,201068@gmail.com,,232-248-160-64,1435,0
433,Talia,vfodnha7rfbj,375639@gmail.com,,227-157-141-211,2749,0
434,Neal,c27b49mfhx62,566844@gmail.com,,241-161-151-141,1314,0
435,Noel,celxt8ghxpji,533066@gmail.com,,178-221-128-83,704,0
436,Elvis,d5vkxd45ywh1,206374@gmail.com,,126-103-161-249,2114,0
437,Louis,lv63rvsogixi,371912@gmail.com,,30-76-112-159,463,0
438,Misty,4lj0vcnxw4j3,614659@gmail.com,,171-51-13-136,2593,0
439,Kyla,4j3lu2tp8h99,295001@gmail.com,,50-1-208-215,1984,0
440,Star,0pam4dea9wkp,798489@gmail.com,,153-153-167-214,2882,0
441,Zachary,9d7hhs9bi95h,311657@gmail.com,,9-106-134-226,2032,0
442,Fiery,252ihm0gwn2j,436726@gmail.com,,124-155-81-23,1597,0
443,Montague,vsmxgyfvvt6v,797736@gmail.com,,7-34-37-82,2465,0
444,Timekeeper,tkk3nre4k86d,244810@gmail.com,,28-194-19-58,2622,0
445,Molly,3eb1h07fi2gv,773426@gmail.com,,213-80-123-225,1612,0
446,Jeffrey,cmmchb3id2g9,552015@gmail.com,,19-241-41-152,611,0
447,Helpful,mcdj55j8l1x9,396883@gmail.com,,120-188-135-59,1885,0
448,Earth,i4sylbkwg1or,653039@gmail.com,,190-88-66-177,569,0
449,Sibyl,txoy75gkbeyb,922063@gmail.com,,109-239-228-55,1524,0
450,Firm,sdynjxo10l23,531008@gmail.com,,93-230-253-55,634,0
451,Robert,fjvllgrtrc2j,270723@gmail.com,,42-13-68-198,1985,0
452,Brittany,4xedj1ocx2em,625073@gmail.com,,119-105-143-251,2417,0
453,Louise,tyew9h5v85dg,413847@gmail.com,,217-3-31-1,2831,0
454,Bella,jvs2dm3rh9ed,750982@gmail.com,,138-171-239-172,1338,0
455,Jarvis,ahromr9tewxh,387140@gmail.com,,246-184-166-177,1643,0
456,Milburn,o2usa05bu57m,428410@gmail.com,,52-119-223-9,1772,0
457,Laurence,3hkpvpglo8jx,576412@gmail.com,,60-5-68-89,1462,0
458,Salt,1r8piv3x8oh7,967961@gmail.com,,26-24-246-207,152,0
459,Laughter,59d2wkbkb0y4,645992@gmail.com,,47-247-249-16,650,0
460,Tanya,rx6mhpgmtb3l,782863@gmail.com,,147-93-58-60,526,0
461,Rex,4cmvd47mjeic,318727@gmail.com,,192-214-202-207,1726,0
462,Black,5f7y2l0kdtuf,184152@gmail.com,,138-180-46-156,546,0
463,Judith,8eoofl1rs8k9,389921@gmail.com,,234-82-145-42,1230,0
464,Elton,vjc2xnijb1ov,197149@gmail.com,,225-153-7-14,313,0
465,Farrell,j2x6b86jieo7,656104@gmail.com,,19-79-128-66,545,0
466,Beata,glejbt1wexth,896934@gmail.com,,70-172-92-161,2663,0
467,Logan,b6pxjguvnlop,388991@gmail.com,,240-156-207-249,2152,0
468,Kody,kkb0igkt8bu1,834787@gmail.com,,59-28-214-230,91,0
469,Francis,x2wgyo88hcfu,955455@gmail.com,,238-150-226-4,189,0
470,Iris,3gvu4vwbdxir,560963@gmail.com,,200-171-167-244,401,0
471,Titus,o5mcxe02nj25,851796@gmail.com,,17-245-117-134,1989,0
472,Rowena,a8oovfsjon0e,658751@gmail.com,,194-68-92-245,2741,0
473,Zebadiah,f22fw1ote5f0,195426@gmail.com,,13-128-32-86,2973,0
474,Merlin,dvnnsnkr3ifj,932363@gmail.com,,51-19-115-195,305,0
475,Amanda,wxly1vxji0dx,331893@gmail.com,,23-206-68-173,675,0
476,Griswald,0yxg7466ieff,296410@gmail.com,,192-0-223-130,554,0
477,Lynn,vsiv7rr4upob,158449@gmail.com,,7-239-86-72,2443,0
478,Marnia,rb1groulyr99,723136@gmail.com,,230-63-239-126,2422,0
479,Halbert,axws7xbgonc2,355656@gmail.com,,23-135-98-218,2746,0
480,Deborah,w683kp2i3lcd,790603@gmail.com,,,1564,0
481,Isaac,81vr81wxnw1s,559385@gmail.com,,,2300,0
482,Eli,dw7iaj64lrr7,486892@gmail.com,,,356,0
483,Melvin,lbgk2snf5y78,667706@gmail.com,,,1496,0
484,Leroy,52xc7h0wmsed,940263@gmail.com,,,1552,0
485,Rebecca,l4homk8ypigr,452909@gmail.com,,,741,0
486,Konrad,yc68xdjagvcm,902775@gmail.com,,,928,0
487,William,13kx7i7l5c1p,795293@gmail.com,,,6,0
488,Lea,wi454jhs52n8,773064@gmail.com,,,2046,0
489,Commander,vjdspbi9ax87,235476@gmail.com,,,2360,0
490,Hugh,ng7rgtt2g4ja,415092@gmail.com,,,2013,0
491,Gale,bu821dod5373,878041@gmail.com,,,1005,0
492,Yvonne,ffasl0lxt5jg,792488@gmail.com,,,2819,0
493,Marc,rxt2oj9ool1w,448782@gmail.com,,,1394,0
494,Horace,1ecn159ufvfj,170762@gmail.com,,,717,0
495,Cub,p0pt1r9g3vcf,657150@gmail.com,,,1604,0
496,Morgan,yh3re2euwgvv,558264@gmail.com,,,1356,0
497,Ivan,c86o74yxmse5,460756@gmail.com,,,1257,0
498,Harold,kw8yua2shxda,241313@gmail.com,,,1313,0
499,Rosemary,yk6tuy9ig3p7,575995@gmail.com,,,992,0
500,Wendy,p6ga5jd8nxjy,869611@gmail.com,,,651,0
501,Floyd,6p3beot605pd,224375@gmail.com,,,2179,0
502,Echo,k8vuthwklss6,216772@gmail.com,,,2871,0
503,Essence,d51lixsgsvij,684692@gmail.com,,,49,0
504,Salena,ssfhx6d2fmsr,278859@gmail.com,,,219,0
505,Church,h5xsn360p1ol,213582@gmail.com,,,1903,0
506,Mark,eiv4cco2rhi0,950918@gmail.com,,,19,0
507,Elise,5w1wk19ekah7,573518@gmail.com,,,237,0
510,testone,testone1,testone@gmail.com,,,0,0
